"","x"
"1","beta.sp_n"
"2","phi.sn_n"
"3","phi.l_n"
"4","phi.l_hArt"
"5","phi.ps_n"
"6","gamma.lf.ls_n"
"7","gamma.rtx.ls_n"
"8","gamma.tx.rtx_n"
"9","rho.lf_n"
"10","rho.lf_hArt"
"11","rho.ls_n"
"12","rho.ls_hArt"
"13","rho.rel_n"
"14","rho.ps_n"
"15","rho.ps_hArt"
"16","pi.sp_n"
"17","pi.sp_hArt"
"18","pi.ep_n"
"19","pi.ep_hArt"
"20","mu.sp_hArt"
"21","mu.sn_hArt"
"22","mu.ep_hArt"
"23","zeta.sp_n"
"24","zeta.sp_hArt"
"25","zeta.sn_n"
"26","zeta.sn_hArt"
"27","zeta.ep_n"
"28","zeta.ep_hArt"
"29","theta.sp_n"
"30","theta.sn_n"
"31","theta.ep_n"
"32","foi.hiv_n"
"33","chi.elg_h"
"34","chi.tx_hArt"
"35","mu.hiv_h"
"36","mu.hiv_hArt"
"37","mu.hiv_hNoART"
"38","ART mulitplier_n"
